,name,city
0,Big Bird,Fakeville
1,Charles Lyons,Johnstad
2,Amy Richardson,Karenshire
3,Joel Ruiz,Estradaberg
4,Jasmine Smith,Brandontown
5,Paul Hall,South Kimberly
6,Vincent Jimenez,Craigberg
7,Jonathan Duran,South Mary
8,Kenneth Wilson,Hardinstad
9,Kristina Spencer,Robertshire
10,Christopher Williams,South Edwardchester
11,Lisa Walker,Harmonburgh
12,David Lindsey,Garciatown
13,Edward Stephens,Port Jerome
14,Timothy Hill,Robinsonton
15,Benjamin Ortega,West Franciscomouth
16,Stephanie Walker,New Jessetown
17,Emily Johnson,Lake Chelsea
18,Kristin Orr,North Amy
19,Kelly Ross,Jameshaven
20,Corey Foster,North Brandonville
21,Ronald Hayes,West Mark
22,Patrick Moody,Lake Cathy
23,Emily Graham,Hendersonfurt
24,Dr. Brandon Campos,Lake Paul
25,Joseph Brooks,Navarrofort
26,Elizabeth Allen,Jameschester
27,Molly Short,Johnsonhaven
28,Micheal Salas,Cassiefurt
29,Christopher Cameron,Richmondview
30,Jennifer Morris,East Amy
31,Stephanie Lewis,Richardstad
32,Taylor Hamilton,Melissaberg
33,Rhonda Williams,New Alishaburgh
34,Carolyn Jones,Lake Edwardmouth
35,Jason Yang,West Angelaland
36,Thomas Duncan,South Christinafort
37,Faith Johnson MD,South Melinda
38,Terrance Morris,Cindyburgh
39,Heather Combs,Samuelmouth
40,Jose Powers,Valdezshire
41,Stephen Costa,Carpenterville
42,Amy Wright,New Carlosborough
43,Mandy Rodgers,Murphyton
44,Wesley Kelly,Lake Carmen
45,Jessica Hendricks,Taylorhaven
46,Edward Burnett,Port Karenton
47,Christina Wade,New Kathryn
48,Heather Jackson,South Dean
49,Angela Torres,South Angel
50,John Miller,Walshfurt
51,Elizabeth Simon,North Tiffanyborough
52,William Parker,New Tammy
53,Joyce Gutierrez,Lake John
54,Bethany Collins,Christineberg
55,Shawn Burns,Keithshire
56,Erica Maxwell,West Paul
57,Sheri Washington,South Paulmouth
58,Sabrina Singh,Lake Lorihaven
59,Aaron Marshall,Brendaton
60,James Edwards,Caitlinbury
61,Audrey Charles,North Dennis
62,Benjamin Serrano,North Erin
63,Caleb Cox,East Kristenville
64,Suzanne Gordon,Robertbury
65,Michael Mcdaniel,Martinland
66,Dr. James Shields DDS,Eddiebury
67,John Hansen,Veronicaview
68,Kristina Warner,South Williamfort
69,Jamie Weber,Mendezside
70,Scott Foster,New Christopherstad
71,George Clark,Kurtbury
72,Marcus Graves,Murphymouth
73,Regina Kennedy,Jonesberg
74,Pamela Griffith,Lake Mary
75,Jodi Webster,Port Barbarabury
76,Matthew Velazquez,West Tiffany
77,Jeffrey Reid MD,Baldwinshire
78,Laura Blair,Port Sheila
79,Mark Terrell,Kendraland
80,Amy Nguyen,East Cynthialand
81,David Clements,Lake Jerry
82,Daniel Willis,Port Andrewbury
83,Kevin Rich,Lake Arthurchester
84,Mark Leblanc,New Jasonville
85,Virginia Cook,Stephanieburgh
86,Mark Wood,West Kelly
87,Elizabeth Hernandez,Bishopmouth
88,Jennifer Pearson,Obrienton
89,Sarah Phelps,Campbellmouth
90,Brian Clark,Mackbury
91,Mary Wilson,Stephensside
92,Desiree Snow,Jonesland
93,Joseph Salazar,East Saraborough
94,Matthew Johnson,Lake Crystalfort
95,Mikayla Peterson,Port Lisa
96,Sherry Johnson,New Tarafort
97,Amy Holt,West Luis
98,Christine Rodriguez,East Elizabeth
99,Derrick Young,Lake Michaelbury
100,Timothy Torres,Richardsonburgh
101,James Gregory,Stephanieberg
102,Brittany Davenport,Millerchester
103,Anne Thomas,Dickersonfort
104,Pamela Meyer,Anthonyview
105,Tamara Mayo,New Michaelchester
106,Melissa Murphy,Lake Matthew
107,Michael Ramirez,Jonesfort
108,Samantha Williams,North Franciscomouth
109,Ricky Miller,New Deborahborough
110,Kelly Morales,New Kathryntown
111,Calvin Allen,Ryanmouth
112,Alisha Brown,North Jennifer
113,Brittany Bass,Deckerbury
114,Michelle Figueroa,East Davidport
115,Adrienne Reed,Blanchardmouth
116,Patricia Khan,South Aaron
117,Nicholas Carey,West Andrew
118,Drew Morgan,South Ronaldland
119,Sara Woods,South Brettland
120,Daniel Todd,North Jessica
121,Mary Marks,Hallville
122,Donna Ward,Erikland
123,Lydia Brown,West Richard
124,Brian Park,Schultzchester
125,Timothy Walker,Port Gabriel
126,Luke Carroll,East Prestonchester
127,James Wilson,Stevensfort
128,Joshua Gaines,Simmonsstad
129,Clinton Williams,West Joshua
130,Jon Rogers,Lake Eugenemouth
131,Jason Williams,Nelsonberg
132,Holly Mccullough,Lake Martinfurt
133,Robert Lewis,South Paulastad
134,Tracy Williams,North Scottmouth
135,Julie Davis,West Austinview
136,Emily Villegas,North Jackiefurt
137,Eric Ruiz,East Donald
138,Sara Boone,Olsentown
139,Debbie Salazar,East Martinborough
140,Anthony Scott,Woodwardtown
141,Brandon Miller,Frankfort
142,David Smith,Raymondhaven
143,Sarah Santiago,Gallagherview
144,Kathryn Soto,Heathermouth
145,Dr. Wendy Wilkins,Port Meganshire
146,Heidi Miller,Lake Brianfort
147,Mary Garner,Summersport
148,Dustin Jones,Katherineton
149,Angela Huerta,West Jessicafort
150,Michael Johnston,Lake Carmen
151,Katrina Farmer,Pamelaberg
152,Margaret Sandoval,Jasonmouth
153,Ashley Wheeler,North Angelastad
154,Phyllis Ramos,East Mark
155,Rodney Frey,Russellchester
156,April Baldwin,Gilbertchester
157,Samantha Dunlap MD,Baxtertown
158,Leslie Gomez,West Emilyburgh
159,Kelly Potter,North Christophermouth
160,Ann Mccormick,East Stephanieview
161,Shawn Cardenas,Port Tinaland
162,Alicia Ruiz,Katieborough
163,Alexandra Lewis,Thompsonborough
164,Ann James,Donnamouth
165,Annette Ortiz,Port Meghanborough
166,Danielle Cabrera,West Kimberly
167,Christopher Hicks,Veronicatown
168,Joanne Harris,Lopezburgh
169,Steve Reed,Cliffordland
170,Jennifer Ellis,Maureenburgh
171,Caleb Gardner,North Donna
172,Matthew Scott,Port Melissaland
173,Sandra Long,Ramosport
174,Daniel Barnes,South Lauraport
175,Angela Clarke,West Cathy
176,Brandon Martinez,West Cynthiaview
177,Stephen Hurst,Mooreborough
178,Jason Wolf,Petersland
179,David Brown,Lisatown
180,Alicia Ayers,West Jenniferchester
181,Holly Serrano,Meyerstad
182,Nicole Wheeler,Lake Conniefort
183,Nicholas Mcintyre,North Brian
184,Tracey Burke,Olsonbury
185,Isaiah Farrell,Smithborough
186,Joshua Garcia,Port Gregory
187,Ariana Travis,North Aaronville
188,Brittany Palmer,Jamesbury
189,Jason Evans,New Michelle
190,Brooke Smith,South Michael
191,Amanda Rodgers,Reneeville
192,Melanie Spencer,Lake Monicatown
193,Keith Martin,Weberfort
194,Cheryl Oconnor,East Colleenstad
195,Joshua Gibson,Port Sharonburgh
196,Eric Weber,Diazville
197,Thomas Andrews,West Elizabeth
198,Kevin Mckenzie,South Preston
199,Mark Hernandez,Daniellemouth
200,Charles Meza,South Duane
201,Michael Briggs,East Sue
202,Andrea Randall,Lake Nancyton
203,Sarah West,West Aaron
204,Dennis Hammond,South Brianbury
205,Katie Jordan,South Ericaland
206,Paul Carey,Wrightborough
207,Kristen Parker,West Jacquelineland
208,Carol Browning,Port Yvonne
209,David Young,Carolineville
210,Dennis Cortez,South Carl
211,Janet Harper,New Nicole
212,Becky Rodriguez,Lake Vickie
213,Joshua Morgan,Klineborough
214,Lisa Vargas,North Katieton
215,Darrell Hernandez,West Brittany
216,Johnny Wilson,Ellismouth
217,Brooke Mcgrath,Jessicaview
218,Brendan Cortez,West Nicolechester
219,Jeffrey Greene,East Michael
220,Ms. Jessica Travis,South Barbara
221,Abigail Daniel,Brooksville
222,Fernando Gomez,Port Isaac
223,Barbara Boyle,New Ashley
224,Charles Middleton,Georgehaven
225,Jose Velazquez,Susanhaven
226,Peter Huffman,Davismouth
227,Steven Mahoney,Garzaside
228,Valerie Stein,New Carlosport
229,Kimberly Griffin,Cameronville
230,Darren Morton,Tanyafurt
231,Mrs. Nicole Williams,Julieshire
232,Emma Bradley,South Philip
233,David Mendoza,Wheelerbury
234,Tina Anderson,North Rebekahfort
235,Samantha Hampton,Weaverfort
236,Chris Snyder,Walshtown
237,Andrew Bauer,West Nancy
238,Jennifer Jackson,Hansonburgh
239,Sheila Andrews,New Sarahburgh
240,Sandra Hodges,Lake Thomastown
241,Jeremy Simpson,North Cassandra
242,Amanda Reyes,Reidbury
243,Kendra Ford,Shafferstad
244,Susan Waller,Gonzalezville
245,Denise Barker,West Amyberg
246,Theresa Reynolds,New Lindseyborough
247,Debbie Charles,South Marco
248,Chad Massey,East Kimberly
249,Kimberly Levine,Lake Michelleland
250,Marissa Mclaughlin,North Heatherbury
251,Katherine Harper,Port Ashley
252,Nicole Parker,Alexanderview
253,Crystal Santiago,South Sherri
254,Christy Rhodes,Pageton
255,Michelle Perry,North Alexisstad
256,Makayla Brown,New Kevin
257,Natalie Sullivan,East David
258,Kevin May,North Carloston
259,Christopher Chandler,East Laurafurt
260,Christopher Wright,Gonzaleztown
261,Diana Bishop,Michaelfort
262,Crystal Long,Fosterburgh
263,Leroy Lang,South Stacey
264,Danielle Jenkins,Bellfurt
265,Jordan Jacobs,North Deannaside
266,Natasha Cisneros,South Tracimouth
267,Zachary Scott,Davidbury
268,Nicholas Anderson,Johnsonside
269,Dr. Amy Smith,Port Michaelfurt
270,Elizabeth Stokes,New Emilymouth
271,Roger Hardin,South Tinaburgh
272,Monica Anderson,Millerstad
273,Zachary Hays,Jayhaven
274,Mike Reese,South Alexside
275,Angel Kim,West Codyberg
276,Richard Dean,Laurenview
277,Dawn Nguyen MD,Smithton
278,Chase Wagner,Finleystad
279,James Price,Ericport
280,Joseph Lowe,East Kristaside
281,Beth Phillips,Josephshire
282,Eric Sexton,Perrytown
283,Caleb Casey,West Daniel
284,Cynthia Allen,Kimberlyhaven
285,Joseph Padilla,South Aaronburgh
286,Kathryn Murphy,North Samanthaton
287,Kathryn Drake,South Rebecca
288,Andrew Johnson,Jodiland
289,Cheryl Lopez,Thompsonton
290,Devin Molina,New Michaeltown
291,William Barnes,Hodgefurt
292,Toni Lozano,New Katherinechester
293,Christina Miller,North Edwinmouth
294,Terry Hernandez,Lake Josephfurt
295,Richard Thomas,Port Adrianshire
296,Justin Everett,West Kennethborough
297,Carl Bradley,South Maryborough
298,Andrea Johnson,Port Kevinfurt
299,Scott Johnson,Sototown
300,Frank Mendez,Kanemouth
301,Victoria Beck,South Jared
302,Eric Williams,West Lindamouth
303,Todd Brown,Amymouth
304,Ellen Hall,North Margaret
305,Dr. Kylie Rivera,Petersfurt
306,Andrew Hampton,Christinafort
307,Kimberly Elliott,New Henryport
308,David Williams,New Matthew
309,Christy Myers,East Benjamin
310,Nicole Heath,North Stephaniefort
311,Marvin Murphy,Antonioberg
312,Gwendolyn Swanson,Goldenview
313,Jeremiah Fry,South Pamelaton
314,Scott Pierce,Maryton
315,Keith Anthony,South Timothybury
316,Brian Travis,Lake Tammy
317,Michelle Adams,Jeremiahhaven
318,Allison Rubio,Burtonmouth
319,Christina Bradley,New Eric
320,Laura Good,Willischester
321,Willie Anderson,South Steven
322,William Smith,Crawfordhaven
323,Carolyn Martinez,Mcmillanport
324,Dr. Margaret Wise,Loganburgh
325,Tanya Bryant,Justintown
326,James Barker,New Carolyn
327,William Ryan DDS,Fergusonbury
328,Bryan Rios,West Rileyhaven
329,Megan Martin,West Timothy
330,Andrew Brewer,Josephborough
331,Melinda Dennis,Port Jessica
332,Kristopher Garcia,Glennburgh
333,Kenneth Walsh,Lake Ana
334,Beverly Stewart,East Cindyborough
335,Megan Stevens,Port Kimberlyborough
336,Tiffany James,Lake Yvettebury
337,Benjamin Franco,Stevenberg
338,John Arnold,West Matthewfort
339,Jeffrey Reyes,Port Darius
340,James Brown,Port Toddchester
341,Daniel Pope,Port Alfred
342,Adam Jones,Martinberg
343,Elizabeth Wells,East Rebeccafort
344,Darius Fox,Damonfurt
345,Victoria Roberts,West Kennethborough
346,Daniel White,Rosshaven
347,Devin Taylor,West Allisonborough
348,Scott Sanders,Edwardsburgh
349,Mary Craig,Martintown
350,John Dyer DVM,Holmesshire
351,Albert Morgan,South Claudiaton
352,Eric Robinson,Marystad
353,Karen Jackson,Lake Derekstad
354,Deborah Johnson,Lisaside
355,Michael Roberts,Patrickmouth
356,James Davis,New Kennethfurt
357,Jessica Ray,Andrewsfort
358,Hannah Johnson,Jenniferborough
359,Thomas Pham,South Bethside
360,Ms. Angela Chambers MD,Danielmouth
361,Erica Johnson,Wrightburgh
362,Felicia Joyce,Joshuaton
363,Jonathan Wood,South Chrishaven
364,Timothy Wheeler,Lake Valeriefurt
365,Robin Thomas,Angelaville
366,Taylor Singleton,Christymouth
367,Janice Williams,Mendezfurt
368,Michael Larson,North Stephanie
369,Jennifer Obrien,East Kendramouth
370,Shawn Tucker,Greenhaven
371,Kenneth Bright,Margaretton
372,Dr. Carly Young,Bakerside
373,John Martin,Port Megan
374,Kelly Walker,Jamestown
375,Katie Gutierrez MD,Ianstad
376,Jonathan Wilson,Adrianaside
377,Lisa Khan,Baileymouth
378,Mary Whitaker,Marshville
379,James Walker,New Karen
380,Timothy Miller,Williamsshire
381,Laura Stewart,Williamstad
382,Sandra Osborn,Kathleenview
383,Sara Hanna,West Juanshire
384,Peggy Washington,New Kevinberg
385,Hannah Smith,Dunnborough
386,Parker Harvey,West Monica
387,Eric Shaw,Curtisville
388,Barbara Collier,East Joycehaven
389,Amanda Perez,Port Leah
390,Brian Wolfe,New Cynthia
391,Emma Horn,East Andreston
392,Carolyn Roberson,Crawfordtown
393,Michael Mccall,North Christopherview
394,Sherry Alexander,Lake Jamestown
395,Katrina Murphy,New Marvinbury
396,William May Jr.,New Karina
397,Bailey Reynolds,North Alicia
398,Eileen Peters,East Cassiehaven
399,Mike Garcia,Lake David
400,Matthew Larsen,Bryantstad
401,Richard Clark,North Haroldville
402,Rachel Walker,Ortizfurt
403,Rhonda Lewis,Christineview
404,Luis Perry,Ericside
405,Erica Lara,Port Saratown
406,Ms. Nicole Miller,East Danielfort
407,Brent Smith,Leebury
408,Catherine Dean,Bishopburgh
409,Lisa Ponce,Porterton
410,Whitney Chang,New Paul
411,Michael Lawson,West Kendramouth
412,Kyle Lara,South Meganstad
413,Maria Alexander,West Gregorytown
414,Daniel Melton,Deanborough
415,Tanya Chapman,West Lisa
416,Yvonne Jenkins,South Erin
417,Kelly Hunt,New Nicholasmouth
418,Elizabeth Mcclure,Danielside
419,Seth Vaughn,Hallville
420,Randall Gilbert,West Randall
421,Chad Jordan,Lake Melissachester
422,Brittany Little,Drewton
423,Michael Campos,Stephaniebury
424,Robert West,Port Kenneth
425,Nicholas Hutchinson,Charlenemouth
426,Heather Miller,Wendyfort
427,Denise Coleman,Lorimouth
428,Michael Phillips,Sandrastad
429,Jesse Wilson,Anthonyside
430,April Howard,Harrellhaven
431,Austin Hall,East Billy
432,Christie Anderson,Bushbury
433,David Perez,Josephmouth
434,Tina Mills,Port Meganton
435,Colton White,New Adam
436,Molly Jenkins,Andreaburgh
437,Craig Mccoy,South Maryland
438,David James,West Tamarafurt
439,Joshua Reeves,Schwartztown
440,Kristin Valdez,Monroeville
441,Rebekah Lopez,South Seanberg
442,Sarah Crawford,South Bradleyborough
443,Sharon Allison,New John
444,Mckenzie Miller,Port Keithchester
445,Justin Farmer,Lake Eric
446,Stephanie Davis,West Max
447,Linda Medina,Patelshire
448,Tracy Wiggins,Port Alexander
449,Leonard Jones,Lake Amber
450,Richard Holland,Jimmystad
451,Paul Leonard,Garnerton
452,Aaron King,Donaldchester
453,David Tucker,West Georgeberg
454,Frederick Alvarado,Douglashaven
455,Mark Johnson,New Vanessachester
456,John Lopez,Lake Shawnborough
457,Wayne Collins,Collinsstad
458,Tammy Carroll,Wolfehaven
459,Brittany Adams,Thomasland
460,Alan Smith,Stephensonhaven
461,Robert Montoya,Dianastad
462,Brianna Kelly,West Kylemouth
463,Alice Deleon,Barkerside
464,Dustin Rodriguez,New Kelly
465,Larry Warren,New Melissa
466,David Williams,Jenniferburgh
467,Justin Jones,Lake Tristan
468,Mr. Darin Obrien,East Jennifer
469,Kelly Harrison,North Daniel
470,Kristen Williams,Lawsonchester
471,Sarah Kelley,West Christina
472,George Brown,Port George
473,Bernard Hahn,Burgesshaven
474,Shannon Harvey,Codymouth
475,Thomas Melton,Port Makaylaside
476,Daniel Smith,East Jonathan
477,Angela Vaughn,Wesleymouth
478,Susan Petersen,Sullivanmouth
479,Maria Rojas,New Jody
480,James King,Joshuastad
481,Benjamin Flowers,Kathleenchester
482,Hector White,Moonfort
483,Rodney Delacruz,New Tashaborough
484,Gene Rojas,Port William
485,Joel Jones,Whitneybury
486,Kathryn Graves,South Ashley
487,Laura Miller,Danielburgh
488,Manuel Harper,Anthonyville
489,George Miller,Kellyland
490,Keith Herman,Lake Melissa
491,Melinda Morales,South Shannon
492,Stephen Wright,Ramirezhaven
493,Joseph Turner,Matthewtown
494,Sandra Sandoval,Mcconnellberg
495,Joel Kennedy,North Melindafort
496,Matthew Ferguson,Simmonstown
497,Zachary Riley,Vanessaland
498,Michael Randall,Lake Christina
499,Shannon Carrillo,Lake Hunter
500,Sara Owens,Nicholaschester
501,Thomas Curry,Scottchester
502,Sharon Weiss,Shafferhaven
503,Angel Contreras,Townsendview
504,Lisa Lowe,Braunton
505,Kelly Foster,East Johntown
506,Nathan Clay,New Gregoryfort
507,Jason Hamilton,Newtonton
508,James Green,Andersonchester
509,Krista Carter,Howardport
510,Ashley Coleman,Lisahaven
511,Angela Goodman,Ramosland
512,Barbara Stephens,North Carlahaven
513,Wendy Wright,Jenniferchester
514,Gloria Barton,New Robert
515,John Bates,Ashleyview
516,Renee Howard,Port Jacquelineborough
517,Holly Hernandez,Ashleyfurt
518,Barbara Young,Laurashire
519,Matthew Cooper,Torresport
520,Jackson Warner,Griffinhaven
521,David Perry,South Tracyborough
522,Richard Tucker,South Jessicashire
523,Lisa Rodriguez,West Davidside
524,Christopher Owens,North Anne
525,Elizabeth Davis,Robertmouth
526,Valerie Blake,Bellmouth
527,Jason Brown,Lake Dianaton
528,Megan Cole,Amandaport
529,Tyler Hart DDS,Jacobberg
530,Troy Mendez,Laurachester
531,Audrey Hawkins,Joseborough
532,Robert Hunter,South Catherine
533,Sean Russell,Scottland
534,Cheryl Mccarthy,Alexton
535,Angel Stewart,Lake Teresaton
536,Cynthia Williams,West Amandatown
537,David Jackson,Evansport
538,Grace Dunn,Hamptonland
539,Kevin Chapman,Haleyton
540,Alexandra Smith,Freemanhaven
541,Danielle Montgomery,East Amanda
542,Lisa Stewart,Jessicamouth
543,Danielle Cruz,East Jaytown
544,Sandy Silva,Port Matthew
545,Stephen Lewis,West John
546,Karen Mitchell,Masonhaven
547,James Frederick,Jonesview
548,Tracey Long,South Christopher
549,Cody Carroll,New Dominique
550,Kimberly Nguyen,Courtneyview
551,Cesar Gonzales,East Travis
552,Vanessa Sanchez,Judyshire
553,Jennifer Alexander,Ramirezberg
554,Kristy Harris,Kristinaland
555,Daniel Suarez,Harrismouth
556,Randy Walsh,Lake Daniellechester
557,Mrs. Jennifer Mccoy,West Matthewborough
558,Jerry Smith,Johnsonberg
559,Stacey Ewing,Muellerborough
560,Barbara Hebert,Gentryside
561,Linda Beasley,Luceroton
562,Tonya Obrien,Marytown
563,Tara Carrillo,Keithshire
564,Gloria Davis,Drakeville
565,James Villanueva,North Lauraport
566,Monica Barnes,Beltranbury
567,Sherry Rios,South Jonathan
568,Jason Sutton,Port Crystal
569,Steve Thomas,Cartermouth
570,Shelia Gonzales,Christinatown
571,Scott Riley,Mortonton
572,Stephanie Harris,North Andrewtown
573,John Walsh,Jessicamouth
574,Jared Schneider,New Thomasstad
575,Rebecca Alvarez,Higginsside
576,Catherine Hensley,North Zacharystad
577,Edward Perry,West Brooke
578,George Boyd,Lake Elizabethview
579,Catherine Espinoza,East Jeffreybury
580,Brian Berry,Bradyfurt
581,Ethan White,Lake Kevin
582,John Maldonado,West Georgeshire
583,Michelle Nguyen,Chelseaport
584,Madison Henry,Joshuamouth
585,Antonio Harper,Turnerside
586,Gabrielle Snyder,Mikeborough
587,William Barrera,East Charlenebury
588,Renee Nelson,Shepherdview
589,Joseph Hurley,Yuport
590,Vincent Bennett,South Danielside
591,Ashley Mercado,West James
592,Frank Walton,West Crystal
593,Donald Lewis,Rodriguezburgh
594,Matthew Wallace MD,Tracyville
595,Jessica Nelson,West Adam
596,Craig Hunt,Lake Alex
597,Stephen Schwartz,Martinezburgh
598,Michelle Thompson,Hartmanchester
599,Brenda Daniel,Albertland
600,Patrick Fisher,Port Jasminebury
601,John Lewis,New Christymouth
602,Jason Lewis,Robertchester
603,Lauren Robinson,South Tammy
604,Jasmine Bass,North Johnport
605,David Collins,Ashleyport
606,Denise Woods,South Fernando
607,Phillip Nichols,Sharichester
608,Derrick Olson,North Natalie
609,Melissa Hudson,Wattston
610,Jonathan Hughes,Huffstad
611,Jean Lambert,Lake Victoriafurt
612,Travis Scott,Staceyhaven
613,Theresa Rangel,West Sabrinaport
614,David Vega,Mayoview
615,Priscilla Jones,Port Michellebury
616,George Reyes,North Valeriehaven
617,Julie Booth,Michaelchester
618,Crystal Mullins,Ramosburgh
619,Sharon Boone,West Christopher
620,Yvette Bennett,Stephanieton
621,Daniel Perry,Kimberlyborough
622,Sharon Cooper,West Robert
623,Melanie Smith DDS,Paulville
624,Rodney Parsons,New Tiffanybury
625,Mr. Marcus Todd IV,West Eugeneview
626,Wanda Yoder,Lake Calebberg
627,Kathryn Robinson,Lindsayburgh
628,Alexis Burgess,Coxland
629,Antonio Parker,North Stacy
630,Tara Briggs,Pearsonfort
631,Justin Olson,South Randy
632,Christopher Kelley,Paulview
633,Jeffrey Taylor,West Caitlynfort
634,Dwayne Gray,Millerfort
635,Paul Miller,Mclaughlinberg
636,Amy Klein,Mendezberg
637,Juan Russell,Alexiston
638,Anna Hart,Port Albertborough
639,Michael Cooper,West Kenneth
640,Sharon Faulkner,South Luisview
641,Heather Kirk,New Randallside
642,Jeremy Goodwin,North Eileenfort
643,Justin Tanner,Tannerville
644,Shelby Banks,New Laura
645,Andrew Simpson,Carrview
646,Kevin Farley,East Jeremybury
647,Karen Huber,Westfort
648,Alexander Brandt,Lake Lindatown
649,Heather Webb,Jaclynton
650,Christina Mathis,Stacyhaven
651,Chase Wilson,Janetside
652,Samuel Brooks,Danaview
653,Andrea Montoya,Lake Matthewchester
654,Raymond Garrett,Michelleberg
655,Matthew Sanders,Sallyton
656,Alison Mcguire,East Audreymouth
657,Bonnie Potts,Butlerside
658,John Caldwell,Tylerton
659,Peter Harris,West Donaldville
660,Jeremy Miller,East Anthony
661,Jennifer Snow,Andersonmouth
662,Charles Reyes,Lake Paulahaven
663,Peter Smith,Jeffreyport
664,Robert Harris,Morrisburgh
665,Michael Brooks,West Deniseland
666,Christopher Braun,Herrerafurt
667,Ian Adams,North Pamland
668,Brian Martinez,Port Brian
669,Ronald Jackson,Grayview
670,Terry Perez,Velazquezland
671,Linda Hines,East Brenda
672,Chloe Cooper,Nicholasborough
673,Mark Ford,Rodriguezton
674,Rebecca Johnson,Robersonmouth
675,Kristen Lee,Fergusonhaven
676,Lauren Andrews,Port Adam
677,Kelli Carter,East Peterport
678,Oscar Wilson,New Amyburgh
679,Tiffany Adams,South Brianside
680,Tanya Williams,Annahaven
681,Joshua Green,South Toddfurt
682,Thomas Roberts,New Joshua
683,Jason Jones,Margaretville
684,Logan Fox,East Michael
685,Lisa Lewis,Stewartfort
686,Christy Foster,Robertville
687,Rachel Clark,Andersonchester
688,Alexander Shaw DDS,Port Stephanie
689,Matthew Lynch,East Kurt
690,April Arnold,Edwardsmouth
691,William Carson,East Michelle
692,Cynthia Haley,Mcleanburgh
693,Kayla Cooper,West Stephaniemouth
694,Michael Mason,Johnsonton
695,John Stewart,Kentmouth
696,Mitchell Shelton,Jenniferfurt
697,Sabrina Garrett,Jimmyburgh
698,Dawn White,North Monica
699,Shawn Rogers,Floresshire
700,Jessica Martinez,Yorkview
701,Anthony Lewis,South Barbaraborough
702,Lauren Garcia,West Tiffanyview
703,Andrew Rodriguez,West Bruce
704,Elizabeth Bailey,Russellbury
705,Matthew Oliver,Port William
706,Mary Chen,Port Shawntown
707,Pamela Williams,Williambury
708,Dylan Reed,Ericatown
709,Deanna Romero,Port Michael
710,Steven Bray,Codyfort
711,Jasmine Robinson,Danielport
712,Shannon Gibson,Samuelton
713,Debra Jones,North Sharon
714,Caitlin King,Jonesbury
715,Caleb Johnson,Port Jamesland
716,Elizabeth Lester,West Stevenberg
717,Edward Collins,South Michael
718,Brandy Richmond,New Cathy
719,Gary Rivera,Lake Sergio
720,Stephanie Boyd,North Maria
721,Arthur Young,Lake Katie
722,Andrew Black,East Barryshire
723,Lisa Byrd,West Peter
724,Marissa Davis,North Laurenton
725,Amanda Arias,South Jenniferport
726,Nicole Jones,Leslieview
727,Mason Pacheco,Port Saraton
728,Joshua Christensen,Lake Lisachester
729,Dennis Lopez,Lake Willieland
730,Richard Cunningham,Lake Ruben
731,Kelly Peters,Ericland
732,Jason Franklin,New Anthony
733,Catherine Thompson,Gregorymouth
734,Jessica Logan,Danielland
735,Jonathan Avila,Lake Steven
736,Christopher Evans,North Cynthiaburgh
737,Joshua Armstrong,Jenniferberg
738,Bryan Fletcher,Meyerland
739,Chelsey Cantu,Georgestad
740,Penny Newman,West Russell
741,William Robbins,New Rodneyton
742,Sharon Garcia,North Dillon
743,Christopher Weber,Barkerburgh
744,Nathan Fitzgerald,Chelseaville
745,Sharon Patton,East Ashley
746,Jeanette Hamilton,Michellefurt
747,Lisa Terry MD,New Laura
748,Richard Vasquez,New Marymouth
749,Andrew Glass,West Dakota
750,Dr. Jonathan Callahan,Kingtown
751,Blake Beck,Port Jacob
752,Edward Estrada,Austinville
753,Jim Atkinson,North Jonathanton
754,Erik Mack,Andersonberg
755,Richard Griffith DVM,Wernerfort
756,Bradley Garcia,Amybury
757,Amanda Schmitt,Lake Andrew
758,Kayla Sullivan,Roberthaven
759,Matthew Carr,Port Dawn
760,David Griffith,New Jason
761,Alex Klein,South Gabriel
762,Valerie King,South Michelleside
763,Jessica Cooper,Monicafurt
764,Paul Hunt,Bergerville
765,Mark Foster,Port Brandonstad
766,David Coleman,West David
767,Laura Robinson,New David
768,Mark Williams,Johnmouth
769,Dominique Turner,Hollyland
770,Tracy Hudson,Aprilburgh
771,Angela Aguilar,Port Rebecca
772,Eric Jackson,Bettytown
773,Christopher Murphy,Masonchester
774,Matthew Ho,Millermouth
775,Michelle Barnes,Wagnerfort
776,Rebecca Wise,South Anita
777,Lori Humphrey,Lake Gabrielaside
778,Laura Miller,West Kathleen
779,Adam Ruiz,Port Jennifer
780,Colin Wise,New Thomas
781,Michele Torres MD,North Marissa
782,Keith Mooney,Markchester
783,Lori Dean,Robertbury
784,Denise Farrell,Mullinsport
785,Joshua Johnson,West Josephfort
786,Nicholas Martinez,Port Pamela
787,Jodi Bradley,Patriciastad
788,Thomas Ayers,Josefurt
789,Bryan Nunez,Lake Leslie
790,Noah Luna,East Allen
791,Tara Trujillo,South Bryanport
792,Margaret Skinner,South Julie
793,Jose Roberts,East Samantha
794,Matthew Hart,South Shawn
795,George Smith,Port Lynn
796,Jacob Palmer,Lake Kenneth
797,John Solomon,Jenniferberg
798,Amanda Rodriguez,Hallmouth
799,Michael Obrien,East Kennethfurt
800,Wayne Wade,Nicoleborough
801,Laurie Bowman,Lake Tracy
802,Joshua Robinson,East Nicole
803,James Wiley,South Shelley
804,William Walker,Angelaburgh
805,Veronica Kane,Martinezfort
806,Morgan Mack,Pagechester
807,Kyle Morris,Deniseview
808,Paula Wells,Fordport
809,Jeffrey French,Lake Christinahaven
810,Brittney Mccarthy,North Sarahfurt
811,Jennifer Barrera,South Benjaminburgh
812,Courtney Wolfe,West Monica
813,Kayla Fitzgerald,Port Heatherfurt
814,Chad Cardenas,Stephenshire
815,Jessica West,New Angela
816,Mark Carroll,North Kariburgh
817,Paul Blake,Howardchester
818,Douglas Pace Jr.,Hoffmanview
819,Stephen Johnson,New David
820,Sherry Snyder,Marshmouth
821,Jesse Jefferson,West Samuel
822,Katherine Stout,North Shawn
823,Jay Gray,Brettstad
824,Aaron Lawrence,East Lisachester
825,Tanya Powell,West Brenda
826,John Patrick,Mooreton
827,Charles Melendez,Lake Andresshire
828,Alexis Smith,North Fernandofort
829,Jacob Moore,Paigechester
830,Amy Johnson,Thompsonberg
831,Ryan Castro,Williammouth
832,Austin Brown,Lake Andrehaven
833,Luis Monroe,Port Gina
834,Betty Burke,Clarkport
835,Vanessa King,Lake Jeffrey
836,Heather Washington,South Malik
837,Amanda Anderson,Port Lauren
838,Jason Mccormick,Justinchester
839,Mrs. Angela Morrow,Coxhaven
840,Angela Oliver,Schwartzport
841,John Cole,South Trevorport
842,Richard Miller,East Natasha
843,James Mills,Simsbury
844,Olivia Roberson,Romeroton
845,Clarence Scott,Reillyport
846,Christopher Kennedy,West Angelaland
847,Kimberly Hill,Grimesbury
848,Timothy Woods III,Julieview
849,James Rasmussen,Mooneymouth
850,Lisa Watson,West Robert
851,Joseph Keller,Lake Lauren
852,Linda Dixon,Jeanetteborough
853,John Long,New Dakota
854,Jason Mann,North Michele
855,William Burns,Thomasstad
856,Kathleen Hudson,North Christopherstad
857,Richard Chambers,Kellyfort
858,Jane Thomas,Brownhaven
859,Dawn Gordon,Perryton
860,Scott Williams,Johnsonborough
861,Mary Hill,West Jay
862,Arthur Moore,Andreaburgh
863,Robert Myers,Bowenbury
864,Jamie Stone,Lindashire
865,Tanya Reynolds,Johnsonshire
866,Stacey Wilson,Diazberg
867,Jennifer Potter,Morrisland
868,Jessica Stephens,Greenchester
869,Becky Floyd,Lake Alexander
870,Patricia Clark,Turnerbury
871,Daniel Owen,Chelseatown
872,Maria Hunter,Blackmouth
873,Richard Welch,Griffithland
874,Johnny Long,Lake Robert
875,Anita York,Jacobmouth
876,Rose Walker,Christophermouth
877,Rebecca Webb,Lake Danielborough
878,Michelle Larson,Lake Jennifer
879,Isabella Lynn DVM,South Devin
880,April Cuevas,Elizabethside
881,Lauren Gibson,Robertsbury
882,Amber Liu,Gloriaburgh
883,Rebecca Henson,West Austinhaven
884,Michele Lee,Jimenezfort
885,Melissa Andrews,East Robinside
886,Jordan Reynolds,North Tiffany
887,Sean Matthews,Port Elizabethview
888,Nicole Young,Stephenside
889,Erin Boyd,Frenchton
890,Carl Wilson,Marialand
891,Daniel Morales,North Jillhaven
892,Benjamin Mann,West Samanthaville
893,Matthew Ramsey,Port Patrick
894,Gerald Davis III,New Robertmouth
895,Christina Burnett,Popestad
896,Thomas Figueroa,Lewisview
897,Christopher Aguirre,Adammouth
898,Anthony Monroe,Kevinburgh
899,Mary Walker MD,Michaelmouth
900,Robin Leonard,East Amy
901,Crystal Stark,East Sandraburgh
902,Michael Jones,Taylorstad
903,Mary Drake,Reginatown
904,Brady Williams,Paulchester
905,Kevin James,New Dawn
906,Michael Cooper DVM,Lake Hunterberg
907,Karen Tran,New Elizabethside
908,Michael Frank,Veronicaside
909,Christopher Lucas,East Dan
910,Alexander Ware,Nathanielchester
911,Sara Jimenez,New Sabrinaburgh
912,Larry Fox,Trujilloview
913,Johnny Maxwell,Port Emilyshire
914,James Thomas,Cynthiaville
915,Tony Fields,Tammyborough
916,Cynthia Johnson,North Williamchester
917,Kevin Pugh,Martinburgh
918,Katie Harrington,Brownberg
919,Daniel Jackson,West Amandaport
920,Ashley Shea,East Keithmouth
921,Amber Hayes,Kimport
922,Amy Glass,Joshuaberg
923,Jack Terry,Andreport
924,Daniel Johnson,New Kevin
925,Kevin Fernandez,Murphyport
926,Erin Maldonado,Reevesview
927,Ryan Contreras PhD,North Larryside
928,Tammy Conway,Cynthiamouth
929,Alexandra Collins,Adamsmouth
930,John Guzman,Port Katherinebury
931,Nicole Wilson,North Cheryl
932,Jeff Park,Johnsonview
933,Xavier Steele,Charlesville
934,Samantha Howard,Tylerfurt
935,Mark Brown,Port Allison
936,Isaiah Smith,New Monica
937,Ana Allen,Clarkville
938,Sean Smith,North Brendastad
939,Joseph Thomas,Lake Janetmouth
940,John Bruce,West Erictown
941,Michael Kennedy,South Samanthahaven
942,Lori Jones,West Mark
943,David Graham,West Morgan
944,Amy Stevenson,North Rodneyshire
945,Patrick Mccormick,North Sharon
946,Hannah Wallace,Markton
947,Patricia Stanley,Philipside
948,Cathy Webster,Lake Danielville
949,Michael Becker,East Anthony
950,Kimberly Rodriguez,Adrienneshire
951,Rebecca Holt,North Juliemouth
952,Zachary Daniels,Flynnside
953,Daniel Hartman,West Kellystad
954,Nathaniel Smith,East Marystad
955,Jacob West,Hughesside
956,Mary Hernandez,Coreyhaven
957,Christopher Smith,West Tylerborough
958,Sean Ward,East Angelaland
959,Jessica Torres,Lake Christian
960,Jodi Riley,Noahport
961,Jason Thomas,North David
962,Melissa Flynn,South Jessicaside
963,Shannon Sanders,Ericside
964,Mary Watkins,West Elizabeth
965,Gabriela Holt,Port Jennifer
966,Donna Davis,Lake Jennifermouth
967,Diane Ward,Herrerafort
968,Jennifer Long,Tammyville
969,Rebecca Miller,West Christineton
970,Renee Becker,Avilafurt
971,Miranda Sexton,Toddhaven
972,Steven Roberson,Lake Stephanie
973,Antonio Burton,East Dawnville
974,William Boyd,Lake Logan
975,Kenneth Phelps,Jacobshire
976,Jeffrey Patton,North Kevin
977,Carlos Richardson,Whitneyberg
978,Tony Davies,Stevensburgh
979,Thomas Case,Sandrahaven
980,Jose Howard,West Ernest
981,Haley Myers,Josephfurt
982,Kelly Brown,East Maryview
983,Adam Rose,Port Cherylchester
984,Rebecca Jackson,Ericbury
985,Leslie Henderson,North Phillipmouth
986,Destiny Martinez,Craigview
987,Daniel Medina,Eatonshire
988,Jasmine Rodriguez,Jessicaport
989,Megan Thornton,Haynesmouth
990,Kyle Nelson,Port Desireefort
991,Steve Patterson,Connieshire
992,Jessica Ray,Kathrynview
993,Melissa Gonzalez,Nicholasborough
994,Betty Willis,Laurenton
995,Mark Baldwin,Rossshire
996,Heather Cummings,West Tammy
997,Denise Huynh,Sanchezview
998,Gregory Austin,Port Thomas
